no,name,date,architect,location,grade,nhle_list_entry,ngr,easting,northing,latitude,longitude,materials,description,how_to_date_it
1,"The White Tower, Tower of London",c.1078 to c.1100,"Attributed to Gundulf, Bishop of Rochester, for William the Conqueror","Tower of London, Tower Hill, London EC3N 4AB",I,1260258,TQ 33617 80548,533617,180548,51.50807,-0.07606,"Kentish ragstone rubble with Caen stone dressings, much refaced in Portland stone from the 1630s onward and through the eighteenth century","The great keep of the Tower of London and the most complete surviving example of Norman military building in England. Three storeys over a basement, with walls up to 4.6 metres thick at the base, three square corner turrets and one round one carrying the spiral stair. Within it survives the Chapel of St John the Evangelist, tunnel vaulted, aisled and galleried, with heavy cushion capitals and no carved ornament at all. Its scale was a deliberate statement of conquest, visible from the river and from the Saxon city it was planted beside.","Read the wall thickness and the pilaster buttresses that die into the wall rather than stepping. Cushion capitals and plain square abaci mean pre-1100. The large sash-like openings are later refenestration, mostly of the late seventeenth century, not original."
2,Durham Cathedral,1093 to 1133,"Begun for Bishop William of St Calais, continued under Ranulf Flambard","The College, Durham, County Durham DH1 3EH",I,1161023,NZ 27360 42144,427360,542144,54.77347,-1.57622,Local Coal Measures sandstone ashlar,"The most important Romanesque building in Britain and one of the most important in Europe. Its nave carries the earliest large scale pointed rib vault anywhere, completed by 1133, which lets the builders span an oblong bay and effectively begins the structural logic that becomes Gothic. The alternating system of compound piers and vast cylindrical drums is the signature: the drums are incised with chevron, lozenge, fluting and spiral patterns, cut once the stone was in place. The Galilee Chapel of about 1175 adds slender Transitional shafts and waterleaf capitals at the west end.","Incised geometric drums, chevron arch orders and cushion capitals are firmly late eleventh to early twelfth century. Pointed transverse arches sitting inside an otherwise round arched building signal the 1130s vault, not later Gothic work."
3,Ely Cathedral,"1083 onward, Octagon 1322 to 1340","Begun by Abbot Simeon; Octagon devised by Alan of Walsingham, timber lantern by William Hurley","The College, Ely, Cambridgeshire CB7 4DL",I,1331690,TL 54046 80281,554046,280281,52.39887,0.26275,"Barnack limestone with Purbeck marble shafting, oak lantern sheathed in lead","A Norman abbey church whose crossing tower collapsed in 1322 and was replaced by the most audacious piece of medieval engineering in England. The Octagon spreads the load onto eight piers, and above it William Hurley, the king's carpenter, built a timber lantern weighing around 400 tonnes that appears to float. The nave remains Romanesque, twelve bays of it, with a west tower and transept of about 1170 to 1190 and a richly shafted Galilee porch of 1198 to 1215. The Lady Chapel of 1321 to 1349 has the widest medieval vault in England.","Nave: round arches, flat buttresses, plain scallop capitals, so twelfth century. Octagon and Lady Chapel: ogee arches, nodding canopies and flowing curvilinear tracery, which places them squarely in the Decorated phase of about 1320 to 1350."
4,Castle Rising Castle,c.1138 to 1140,"Built for William d'Albini II, mason unknown","Castle Rising, near King's Lynn, Norfolk PE31 6AH",I,1077599,TF 66576 24554,566576,324554,52.79284,0.469,Local carstone and flint rubble with Barnack limestone ashlar facing,"A hall keep rather than a tower keep, low and broad, set inside enormous earthworks that are as much of the display as the building. The showpiece is the forebuilding, a covered ceremonial stair rising to the first floor entrance, its walls covered in blind arcading and chevron and its vestibule ribbed and shafted with real richness. The keep is a status object for a rising Norman family rather than a serious fortress, and the earth ramparts around it were probably designed to be seen from a distance as much as to be defended.","Blind intersecting arcading, chevron and billet mouldings, and cushion or early scallop capitals put it firmly in the second quarter of the twelfth century. Broad low proportions rather than tower height distinguish a hall keep from an earlier donjon."
5,Wells Cathedral,"c.1175 to 1310, west front c.1220 to 1260","Adam Lock and others; west front sculpture under Thomas Norreys; scissor arches by William Joy, 1338 to 1348","Cathedral Green, Wells, Somerset BA5 2UE",I,1382901,ST 55148 45885,355148,145885,51.2104,-2.64347,Doulting oolitic limestone with blue lias and Purbeck marble,"The first English cathedral designed from the outset in the Gothic style, with no Romanesque compromise anywhere in the elevation. The nave uses a strongly horizontal three storey design with deeply undercut stiff leaf capitals, foliage carved as though it grew out of the bell of the capital. The west front is a screen rather than a facade, originally holding around 400 figures, of which some 300 survive, and it was designed to be sung through from concealed passages. The scissor arches under the crossing were inserted in the 1330s to stop the new tower from sinking, and are pure structural improvisation.",Stiff leaf foliage without naturalistic species identification means roughly 1190 to 1250. Lancets without tracery date the earliest work; the crossing scissor arches are Decorated intrusions and read as visibly later than everything around them.
6,Salisbury Cathedral,"1220 to 1258, spire c.1310 to 1330",Elias of Dereham and Nicholas of Ely,"The Close, Salisbury, Wiltshire SP1 2EJ",I,1023581,SU 14302 29533,414302,129533,51.06496,-1.79728,"Chilmark limestone with Purbeck marble shafts, lead covered timber spire frame","Almost unique among English cathedrals in being built to one design in one campaign on a virgin site, which makes it the textbook example of Early English Gothic. The elevation is austere and linear: tall lancets, no tracery, dark Purbeck marble shafts set against pale Chilmark stone for contrast, and a strong horizontal emphasis. The spire, added around 1310 to 1330, is the tallest in Britain at 123 metres, and its weight has visibly bent the crossing piers. The detached cloister of the 1260s is the largest in England, and the octagonal chapter house is among the biggest.","Uniform lancet windows with no bar tracery anywhere is the giveaway for 1220 to 1260. The spire, which uses bar tracery and ballflower ornament at its base, is obviously a later addition once you look at the join."
7,Westminster Abbey,1245 onward; Henry VII Chapel 1503 to 1512; west towers 1722 to 1745,"Henry of Reyns, then John of Gloucester and Robert of Beverley; west towers designed by Nicholas Hawksmoor and completed after his death by John James","20 Deans Yard, Westminster, London SW1P 3PA",I,1291494,TQ 30082 79490,530082,179490,51.49939,-0.12736,"Reigate and Caen stone, later Portland stone; Purbeck marble shafting","Henry III's rebuilding of the Confessor's abbey as a coronation church and royal mausoleum, and the most French building in England. It has an apse with radiating chapels, bar tracery imported almost immediately from Reims and Amiens, and at 31 metres the tallest Gothic vault in the country. The Henry VII Lady Chapel at the east end is the opposite pole of the same tradition: a Perpendicular casket with a pendant fan vault whose stone cones hang free of any visible support. The west towers are Hawksmoor's, Gothic in outline but classical in proportion.","French plan plus early bar tracery equals 1245 to 1270. The Lady Chapel's pendant fan vault and panelled wall surfaces mean about 1500. The west towers, too regular and too crisply cut, are eighteenth century Gothic Survival."
8,Exeter Cathedral,Norman towers c.1114 to 1133; rebuilt c.1275 to 1360,"Master masons Roger, William Luve, Thomas of Witney and William Joy","1 The Cloisters, Exeter, Devon EX1 1HS",I,1333352,SX 92115 92550,292115,92550,50.72253,-3.52975,Salcombe stone with Beer stone for carving and Purbeck marble shafts,"The finest Decorated Gothic interior in England, and the only major English cathedral with its towers over the transepts rather than the crossing, a Norman survival from the earlier church. The nave and choir carry the longest uninterrupted medieval vault in the world at around 96 metres, its eleven ribs per springing fanning out so densely that the effect is of an avenue of palm trees. Look for the bishop's throne of 1312 to 1316, a 18 metre oak canopy built without nails, and the minstrels' gallery with its fourteen carved angel musicians.","Tierceron vaulting with a ridge rib, curvilinear tracery and ballflower ornament in the mouldings all point to about 1290 to 1350. The two transeptal towers with blind arcading are the surviving Norman fabric of the 1110s to 1130s."
9,Stokesay Castle,"c.1285 to 1305, gatehouse 1640 to 1641","Built for Laurence of Ludlow, wool merchant; mason unknown","Stokesay, Craven Arms, Shropshire SY7 9AH",I,1269939,SO 43561 81695,343561,281695,52.43031,-2.83151,Local sandstone rubble with ashlar dressings; oak timber framed gatehouse and upper stages,"The best preserved fortified manor house in England, built by a wool merchant rather than a baron, which is exactly what makes it valuable. The great hall retains its original open timber roof, its thirteenth century window shutters and a wooden staircase of about 1290, all rare survivals. The crenellations are largely for show, licensed in 1291, and the moat was ornamental. The timber framed gatehouse is a Jacobean addition of 1640 to 1641, with lively carved figures, and the contrast between the two builds is a lesson in reading phases on one site.","Cusped lancets and plate tracery in the hall, plus a roof of crucks and tie beams without wind bracing, indicate the late thirteenth century. The close studded, jettied and carved gatehouse is unmistakably seventeenth century."
10,Gloucester Cathedral,Nave 1089 to 1121; choir remodelled 1337 to 1360; cloister c.1351 to 1412,"Norman work under Abbot Serlo; choir remodelling attributed to a royal mason, possibly William Ramsey's circle","12 College Green, Gloucester GL1 2LX",I,1245952,SO 83121 18778,383121,218778,51.86732,-2.24654,Oolitic limestone from Painswick and the Cotswolds,"The birthplace of the Perpendicular style. The Norman nave, with its immense cylindrical piers, was left intact while the choir was cased in a cage of vertical stone panelling in the 1330s and 1340s, paid for by pilgrims visiting the tomb of Edward II. The Great East Window of about 1350 is the size of a tennis court and was the largest in the world when built. The cloister carries the earliest true fan vaulting anywhere, begun about 1351, and it changes English architecture for the next 200 years.","If Norman piers are visible behind a screen of thin vertical mullions running unbroken from floor to vault, you are looking at a Perpendicular recasing of about 1330 to 1360. Fan vaulting before 1360 only exists here."
11,Bodiam Castle,1385 to c.1390,"Built for Sir Edward Dallingridge, mason unknown","Bodiam, Robertsbridge, East Sussex TN32 5UA",I,1044134,TQ 78554 25645,578554,125645,51.00249,0.54347,"Ashlar sandstone quarried locally, on a rubble core","A quadrangular castle built in one campaign after a licence to crenellate of 1385, ostensibly against French raiding. Modern scholarship reads it as a knight's retirement showpiece: the moat is shallow and ornamental, the gunports are decorative as much as functional, and the whole was designed to be approached along a processional causeway with the reflection doing the work. Internally the ranges are laid out around a courtyard with separate suites for household and retinue, a very late fourteenth century concern with privacy. The keyhole gunloops are among the earliest in England.","One build, no phasing, square plan with round corner towers and square intermediate towers. Machicolation over the gatehouse and keyhole gunports together give a window of roughly 1370 to 1400."
12,"King's College Chapel, Cambridge",1446 to 1515,"Reginald Ely, then Simon Clerk and John Wastell; fan vault 1512 to 1515 by Wastell","King's Parade, Cambridge CB2 1ST",I,1139003,TL 44728 58395,544728,258395,52.20478,0.1165,"Yorkshire magnesian limestone from Huddleston, later Weldon and Clipsham stone","The climax of English Perpendicular and the largest fan vault in the world, 88 metres long and unsupported by any intermediate pier. Founded by Henry VI in 1441, the work stopped during the Wars of the Roses and was finished under Henry VII and Henry VIII, so the building spans three quarters of a century and two dynasties. The walls are effectively a glass cage between buttresses, with 26 windows of early sixteenth century Flemish glass. The Tudor heraldry on the antechapel screen dates that phase precisely to about 1508 to 1515.","Fan vaulting, four centred arches and window mullions running straight into the arch head are Perpendicular. Where the stone changes colour partway up the walls you can see the break between the fifteenth and sixteenth century campaigns."
13,Little Moreton Hall,"c.1504 to 1610, long gallery c.1560 to 1562","Built for the Moreton family; carpenter Richard Dale, named on a 1559 inscription","Congleton, Cheshire CW12 4SD",I,1161988,SJ 83249 58922,383249,358922,53.1272,-2.25179,"Oak timber frame with wattle and daub infill on a sandstone plinth, stone flag and lead roofs","The most extravagant surviving timber framed manor house in England, added to piecemeal over a century and now visibly sagging in every direction because the long gallery was built on top of a structure that was never designed to carry it. The framing is close studded on the earlier ranges and decorated with quatrefoils, lozenges and chevrons on the later, a display of expensive timber used ornamentally. The gatehouse range of 1559 to 1562 carries a carved inscription naming the carpenter and the patron, which is unusually precise documentary dating.","Close studding with narrow panels is early sixteenth century and expensive. Decorative quatrefoil and herringbone panels, jettied upper floors and continuous bay windows indicate the 1550s to 1570s. Dendrochronology has confirmed the sequence."
14,Hampton Court Palace,1515 onward; Baroque ranges 1689 to 1694,Begun for Cardinal Wolsey; Great Hall 1532 to 1535 under James Nedeham; east and south ranges by Sir Christopher Wren,"East Molesey, Richmond upon Thames, Surrey KT8 9AU",I,1193127,TQ 15739 68461,515739,168461,51.40338,-0.3375,"Red brick with dark blue diaper patterning, Reigate and Caen stone dressings; later Portland stone and rubbed red brick","Two palaces in one, and the best place in England to read the difference between Tudor and English Baroque. Wolsey's and Henry VIII's ranges are red brick with diaper diamonds, twisted moulded chimneystacks, crenellation and a great hall with a hammerbeam roof of 1532 to 1535. Wren's east and south fronts of 1689 to 1694 for William and Mary are utterly regular: Portland stone dressings, round headed windows, a giant order of pilasters and a strict horizontal cornice. The join between the two is abrupt and completely unapologetic.","Diaper brickwork, moulded terracotta and barley twist chimneys mean 1500 to 1550. Rubbed brick, sash windows, keystones and a balustraded parapet mean the 1690s. The astronomical clock is dated 1540."
15,Layer Marney Tower,c.1520 to 1525,"Built for Henry, 1st Lord Marney; terracotta by Italian trained craftsmen","Layer Marney, Colchester, Essex CO5 9US",I,1223988,TL 92851 17480,592851,217480,51.82265,0.7969,"Red brick with moulded terracotta dressings, cresting and window mullions","The tallest Tudor gatehouse in Britain at eight storeys, and an unfinished fragment of a house that was never built because both Lord Marney and his son died within two years. It matters because of the terracotta: the window mullions, the dolphin and shell cresting and the classical detail on the tombs inside the church are among the earliest Renaissance ornament in England, made by craftsmen working in an Italian idiom for an English brick building. The result is a Gothic silhouette wearing Renaissance jewellery, which is exactly what English architecture was doing in the 1520s.",Moulded terracotta cresting with dolphins and putti alongside four centred brick arches gives a narrow window of about 1515 to 1530. This combination barely exists in England outside a handful of East Anglian houses.
16,Burghley House,1555 to 1587,"Designed largely by William Cecil, Lord Burghley himself, with masons including John Symonds","Stamford, Lincolnshire PE9 3JY",I,1127501,TF 04778 06074,504778,306074,52.6423,-0.45292,Barnack and Clipsham limestone ashlar with lead roofs,"The largest and grandest house of the first Elizabethan generation, built over 32 years by the Queen's chief minister as a place to entertain her. The roofline is the point: obelisks, strapwork cresting, and chimneys disguised as pairs of Roman Doric columns, with a clock tower carrying an openwork pyramid. The courtyard frontispiece piles up the classical orders in tiers, a Franco Flemish habit picked up from pattern books rather than from Italy directly. Inside, the Baroque painted interiors by Antonio Verrio date from a later campaign of 1686 to 1697.","Classical detail applied to a still medieval courtyard plan, strapwork cresting and columnar chimneys place this between 1550 and 1590. Mullioned and transomed windows without any pediment over them confirm Elizabethan rather than Jacobean."
17,Hardwick Hall,1590 to 1597,"Robert Smythson for Elizabeth Talbot, Countess of Shrewsbury","Doe Lea, Chesterfield, Derbyshire S44 5QJ",I,1051617,SK 46305 63733,446305,363733,53.16871,-1.30879,Local sandstone ashlar with lead roofs and enormous areas of glass,"More glass than wall, as the rhyme goes, and the first English country house in which a single designing mind controls the whole elevation. Smythson made the windows grow taller storey by storey so the state rooms are announced from outside, and crowned the six towers with openwork stone balustrades spelling out ES for Elizabeth Shrewsbury. The plan is compact and symmetrical, with the hall running through the house rather than across it, which is a decisive break with medieval planning. The High Great Chamber upstairs keeps its original plaster frieze and tapestries.","Vast mullioned and transomed windows, a compact symmetrical plan and initials in openwork parapet balustrading are Elizabethan prodigy house features of roughly 1580 to 1600. No pediments, no giant order, no curved gables."
18,Hatfield House,1607 to 1611,"Robert Lyminge, with Simon Basil and probably some input from Inigo Jones","Hatfield, Hertfordshire AL9 5HX",I,1173363,TL 23715 08394,523715,208394,51.76057,-0.20884,Red brick with Portland and Ancaster stone dressings,"The definitive Jacobean prodigy house, built by Robert Cecil after he was obliged to swap his own house for the old palace at Hatfield. The plan is a broad E or U with projecting wings, and the centre carries a stone frontispiece of superimposed Doric, Ionic and Corinthian orders above an open loggia, now glazed. Inside, the Grand Staircase of about 1611 has carved newel figures and a lion, and the Marble Hall keeps its original screen. The brick and stone contrast, and the fussy skyline of shaped gables and clock turret, are the period signature.","Shaped or Flemish gables, a stone frontispiece with stacked orders on an otherwise brick house, and strapwork carving inside all indicate 1605 to 1625. It is one generation later than Hardwick and looks it."
19,"The Queen's House, Greenwich","1616 to 1619, completed 1629 to 1635",Inigo Jones for Anne of Denmark and then Henrietta Maria,"Romney Road, Greenwich, London SE10 9NF",I,1211481,TQ 38711 77697,538711,177697,51.48123,-0.00383,"Brick, rendered and painted white in imitation of ashlar, with Portland stone dressings","The first fully classical building in England and the point at which English architecture stops being medieval. Jones had been to Italy, had read Palladio and had bought his drawings, and here he applied the results without dilution: a plain white cube, a rusticated ground floor as a base, a piano nobile with a loggia of Ionic columns, and a balustraded flat roof. There is no gable, no strapwork, no applied ornament of any kind. The Tulip Stairs inside are the first geometric self supporting spiral staircase built in Britain.","Absolute symmetry, correct classical proportion, no gables and no decorative skyline in a building of the 1610s or 1630s means Jones or his immediate circle. Almost nothing else in England looks like this before 1660."
20,"The Banqueting House, Whitehall",1619 to 1622,Inigo Jones for James I,"Whitehall, Westminster, London SW1A 2ER",I,1357353,TQ 30166 80069,530166,180069,51.50457,-0.12594,"Originally three types of stone, refaced entirely in Portland stone in 1829 by Sir John Soane","The only substantial survivor of the Palace of Whitehall and the most influential classical facade in England. Jones set superimposed Ionic and Composite orders over a rusticated base, with the columns engaged and the bays defined by pilasters at the ends, producing a facade that could be copied straight into any Georgian town house a century later. The interior is a double cube, 110 by 55 by 55 feet, a single undivided room. Rubens painted the ceiling in 1636 for Charles I, who was executed on a scaffold outside the building in 1649.","Two orders correctly superimposed, a rusticated base, alternating segmental and triangular window pediments and a balustraded parapet mark this as the 1620s. The uniform Portland stone surface is Soane's 1829 refacing, not original."
21,St Paul's Cathedral,1675 to 1710,Sir Christopher Wren,"St Paul's Churchyard, City of London EC4M 8AD",I,1079157,TQ 32042 81141,532042,181141,51.51377,-0.09852,Portland limestone with a brick cone supporting the dome,"The only English cathedral built to a single design by a single architect in his own lifetime, and the great English essay in Baroque classicism restrained by Protestant caution. The dome is structurally three domes: an inner masonry dome for the interior, a hidden brick cone carrying the stone lantern, and an outer timber and lead dome for the skyline. The screen walls along the nave hide flying buttresses and give the building a false second storey, which is a piece of urban stagecraft. The west towers of 1705 to 1708 are Wren at his most Baroque.","Portland stone, coupled Corinthian columns, a great drum and dome, and swags and cherub heads carved by Grinling Gibbons and his circle all say 1675 to 1710. Compare the restraint here with Vanbrugh a decade later."
22,Royal Hospital Chelsea,1682 to 1692,Sir Christopher Wren for Charles II,"Royal Hospital Road, Chelsea, London SW3 4SR",I,1226301,TQ 27972 78104,527972,178104,51.48741,-0.15824,"Red brick with Portland stone dressings, slate roofs","A home for old soldiers, planned around three courts open to the river, and the model for institutional building in England for the next 150 years. Wren's language here is deliberately plain: warm red brick, sparingly used Portland stone, a giant Doric portico at the centre and an octagonal domed lantern over the vestibule. The Great Hall and the Chapel occupy the two arms of the central block and are mirror images of each other. The severity is programmatic, since this is charity architecture, and the effect is dignity achieved through proportion alone.",Plain red brick with stone quoins and a giant order confined to a central portico is Wren institutional work of the 1680s. Segmental headed windows with thick glazing bars and a modillion cornice confirm the date.
23,Chatsworth House,1687 to 1707,"William Talman (south and east fronts), Thomas Archer (north); later remodelling by Sir Jeffry Wyatville, 1820 to 1827","Bakewell, Derbyshire DE45 1PP",I,1373871,SK 26022 70104,426022,370104,53.22735,-1.61167,Local gritstone ashlar with lead roofs,"An Elizabethan house rebuilt front by front around its original courtyard, so the four elevations are of different dates and different tempers. Talman's south front of 1687 is the first fully Baroque facade on an English country house, with a giant Ionic order on a rusticated base and a balustraded parapet carrying urns. Archer's north front of 1705 curves and swaggers by comparison. Wyatville's long north wing of the 1820s adds a Regency sobriety, and reading the joins between these campaigns from the garden is one of the best exercises in phasing in England.","Giant order pilasters on a rusticated base with a flat balustraded roofline is English Baroque of about 1690 to 1710. The nineteenth century wing is longer, lower and much more regular, with plate glass in the sashes."
24,Castle Howard,"1699 to 1712, west wing completed 1753 to 1759",Sir John Vanbrugh with Nicholas Hawksmoor for the 3rd Earl of Carlisle; west wing by Sir Thomas Robinson,"York, North Yorkshire YO60 7DA",I,1316030,SE 71635 70088,471635,470088,54.12167,-0.90547,Ashlar limestone with lead and copper dome,"Vanbrugh's first building, designed with no architectural training whatsoever, and the first English private house to be crowned with a dome. The composition is theatrical: a domed central block with a giant Corinthian order, flanked by lower quadrant wings that sweep outward to service courts, all set in a designed landscape scattered with a mausoleum, a temple and a pyramid. Hawksmoor supplied the technical competence and much of the detail. The west wing, added half a century later by Sir Thomas Robinson in a cool Palladian manner, deliberately refuses to match, and the clash is instructive.","Massive rusticated masonry, a giant order, a dome on a private house and heavy carved trophies and urns are English Baroque of 1700 to 1725. The plainer Palladian wing with its pedimented centre is 1750s."
25,Blenheim Palace,1705 to 1722,Sir John Vanbrugh with Nicholas Hawksmoor for the 1st Duke of Marlborough,"Woodstock, Oxfordshire OX20 1UL",I,1052912,SP 44124 16055,444124,216055,51.84136,-1.36095,Oxfordshire limestone ashlar,"A house built as a national monument to a military victory, paid for by Parliament and fought over bitterly by the Duchess and her architect. The scale is enormous and the language is deliberately martial: heavy rusticated masonry, a giant Corinthian portico, corner towers carrying finials shaped as inverted fleurs de lys with British lions crushing French cocks. Vanbrugh understood mass and silhouette better than any English architect before or since, and the building is composed to be read from a distance across Capability Brown's later lake, added from 1764.","Very heavy rustication, a giant order, dramatic skyline finials and colonnaded quadrant links are Vanbrugh's English Baroque, roughly 1700 to 1725. The naturalistic landscape park with a serpentine lake is a later 1760s overlay."
26,"Christ Church, Spitalfields",1714 to 1729,Nicholas Hawksmoor,"Commercial Street, Spitalfields, London E1 6LY",I,1357795,TQ 33748 81780,533748,181780,51.51911,-0.07371,Portland limestone ashlar with brick to the flanks,"One of the churches built under the Fifty New Churches Act of 1711, and the most original of Hawksmoor's six. He fused a Tuscan portico with a tall square tower and a spire, so that from the west the whole front reads as a single triumphal arch with a needle above it. The mouldings are exaggerated, the keystones are oversized, and the proportions are deliberately strange, all of which is Hawksmoor thinking about Roman and primitive architecture rather than about Palladio. The galleried interior was reordered in 1866 and restored to its 1720s state between 1976 and 2004.","Portland stone, oversized Tuscan columns, heavy blocky mouldings and a spire growing out of a portico are Hawksmoor and the 1711 Act churches, so 1712 to 1730. Nothing else in London handles classical detail this aggressively."
27,Chiswick House,1727 to 1729,"Richard Boyle, 3rd Earl of Burlington, with interiors by William Kent","Burlington Lane, Chiswick, London W4 2RP",I,1079607,TQ 21008 77524,521008,177524,51.48373,-0.25869,Brick faced in stucco with Portland stone dressings and a slate roof,"A villa built not to live in but to house a collection and to make an argument, and the founding document of English Palladianism. Burlington took Palladio's Villa Capra and Scamozzi's Rocca Pisana and produced a compact block with an octagonal domed saloon, a hexastyle Corinthian portico reached by a divided stair, and Venetian and Diocletian windows lifted straight from Roman baths. Kent's interiors are richer and more Baroque than the exterior suggests. The garden, laid out with Charles Bridgeman, is one of the earliest steps away from formal planting toward the English landscape style.","A small symmetrical villa with a temple portico, a shallow dome and thermal or Diocletian windows in the drum means English Palladian, 1720 to 1750. Look for obelisk chimneys, a Burlington circle mannerism."
28,Holkham Hall,1734 to 1764,"William Kent with Lord Burlington and Matthew Brettingham, for Thomas Coke, 1st Earl of Leicester","Holkham, Wells-next-the-Sea, Norfolk NR23 1AB",I,1373659,TF 88412 42870,588412,342870,52.95012,0.80304,"Locally made pale yellow brick, sometimes called white brick, with slate roofs","Palladianism at full country house scale, built over 30 years and finished after its patron's death. The plan is a central block with four detached pavilions linked by corridors, a strictly Palladian arrangement, and the exterior is austere to the point of severity, with almost no carved ornament and a pale brick that was chosen to imitate ancient stone. The Marble Hall is the great set piece, an apsed space modelled on a Roman basilica, lined in Derbyshire alabaster with a colonnade of fluted Ionic columns and a coffered ceiling.","Pale brick, a rigidly symmetrical block and pavilion plan, tripartite Venetian windows and pedimented centrepieces without Baroque movement place this at 1730 to 1765. Compare the flatness here with Vanbrugh's modelling a generation earlier."
29,Strawberry Hill House,1749 to 1776,"Horace Walpole with his Committee of Taste: John Chute, Richard Bentley and Thomas Pitt; later work by James Essex","268 Waldegrave Road, Twickenham, London TW1 4ST",I,1261987,TQ 15817 72315,515817,172315,51.438,-0.33512,"Brick rendered and lime washed white, with papier mache and plaster vaults imitating stone","The building that launched the Gothic Revival, assembled over 27 years as a deliberately asymmetrical, picturesque accretion so that it would look as though it had grown. Walpole and his friends copied details from tombs, screens and printed antiquarian sources: the library bookcases derive from a tomb in Old St Paul's, the Gallery vault from Henry VII's chapel, executed in papier mache. It is theatrical rather than archaeological, and everything is thin, light and painted. The house directly produced the Gothic novel, since Walpole wrote The Castle of Otranto here in 1764.","Gothic detail rendered in plaster, papier mache and whitened render rather than carved stone, applied asymmetrically to a domestic plan, is Georgian Gothick of 1740 to 1790. Victorian Gothic Revival is heavier, structural and archaeologically correct."
30,"The Royal Crescent, Bath",1767 to 1774,John Wood the Younger,"Royal Crescent, Bath, Somerset BA1 2LR",I,1394736,ST 74483 65446,374483,165446,51.38748,-2.36809,"Bath oolitic limestone ashlar to the front, rubble and brick behind, Welsh slate roofs","Thirty terraced houses treated as one palace facade, curved into a semi ellipse facing open parkland, and the model for speculative urban development across Britain and Ireland for the next 60 years. A giant Ionic order of 114 engaged columns runs the length of the front above a plain rusticated ground floor. The plots behind were sold individually and each owner built to their own plan, which produces the famous Queen Anne front and Mary Anne back: strict uniformity on the show elevation, complete chaos at the rear.","Ashlar Bath stone, a giant order over a plain base, sash windows with slim glazing bars and a continuous balustrade or parapet indicate 1760 to 1790. Window proportions diminishing storey by storey is the Georgian tell."
31,Somerset House,1776 to 1796; wings 1829 to 1834 and 1851 to 1856,"Sir William Chambers; later wings by Sir Robert Smirke and Sir James Pennethorne, 1851 to 1856","Strand, London WC2R 1LA",I,1237041,TQ 30725 80870,530725,180870,51.51164,-0.11759,"Portland limestone over brick, on brick vaulted river arches","The first purpose built government office block in Britain, housing the Navy Board, the Royal Academy and the Learned Societies around a courtyard, with a river frontage that originally rose straight out of the Thames before the Embankment was built in the 1860s. Chambers was French trained and it shows in the crisp, dry, correct detailing and the rusticated arcades. The Strand front is deliberately modest, an eleven bay palace facade; the river front runs about 150 metres and is monumental. The Seamen's Waiting Hall and the great stairs are the best interiors.","Very correct, rather dry neoclassical detail, a rusticated ground storey with round arches, and a giant order above, all in Portland stone, is Chambers in the 1770s and 1780s. Later wings are plainer and use larger panes of glass."
32,The Iron Bridge,"1777 to 1779, opened 1781","Designed by Thomas Farnolls Pritchard, cast and erected by Abraham Darby III","Ironbridge, Telford, Shropshire TF8 7JP",I,1038659,SJ 67238 03396,367238,303396,52.62733,-2.48545,"Cast iron, around 378 tonnes of it, on stone abutments","The first arch bridge in the world made of cast iron, spanning 30.6 metres across the Severn gorge, and the founding monument of industrial architecture. What makes it remarkable is that nobody yet knew how to build in iron, so the joints are carpentry joints translated into metal: mortise and tenon, dovetails and blind wedges, with no bolts or rivets anywhere in the main structure. The members are also far heavier than they need to be, because the designers were working without any theory of the material's strength. It gave the surrounding town its name.","Cast iron with carpentry style joints and visibly over engineered members means the first generation of iron building, 1775 to 1800. Later nineteenth century ironwork uses bolts, rivets and much thinner sections, and wrought iron after about 1840."
33,"The Royal Pavilion, Brighton",1815 to 1823,"John Nash, remodelling Henry Holland's villa of 1787, for the Prince Regent","4-5 Pavilion Buildings, Brighton, East Sussex BN1 1EE",I,1380680,TQ 31273 04188,531273,104188,50.82236,-0.13767,"Bath stone facing and stucco over the earlier structure, with a cast iron frame carrying the domes and minarets","A seaside pleasure palace in which an Indian exterior wraps a Chinese interior on a cast iron frame, and one of the great acts of Regency invention. Nash took the onion domes, chattris and pierced screens from published views of Mughal India, then built them in a way no Indian builder would recognise: iron columns disguised as palm trees, and a Great Kitchen with cast iron palm capitals. The Music Room and Banqueting Room interiors by Frederick Crace and Robert Jones are Chinoiserie at its most theatrical. The whole thing cost the Crown a fortune and was sold to Brighton in 1850.","Onion domes and minarets in stucco and Bath stone over an iron frame belong to the Regency exotic, 1810 to 1830. Cast iron used structurally but disguised decoratively is a very reliable indicator of this decade."
34,The British Museum,1823 to 1852,Sir Robert Smirke; Great Court roof 2000 by Foster and Partners,"Great Russell Street, Bloomsbury, London WC1B 3DG",I,1130404,TQ 30054 81721,530054,181721,51.51944,-0.12694,Portland stone over a brick and cast iron frame; Great Court roof of steel and glass,"The largest Greek Revival building in Britain, built round a hollow quadrangle over nearly 30 years. The south front presents 44 giant Ionic columns copied from the Temple of Athena Polias at Priene, with a pediment carved by Sir Richard Westmacott. Smirke was an early and systematic user of concrete foundations and cast iron framing, so the archaeological Greek dress conceals thoroughly modern construction. The Round Reading Room, begun in 1854 by Sydney Smirke and opened in 1857, sits in the courtyard, and Foster's glazed lattice roof of 2000 finally covered the space around it.","Correct Greek Ionic columns copied from a named ancient source, a shallow pediment and no arches anywhere means Greek Revival, roughly 1810 to 1840. Roman detail with round arches would push the date earlier or later."
35,Cumberland Terrace,"1826, first occupied 1828","John Nash, detailed by James Thomson, built by William Mountford Nurse","Regent's Park, London NW1 4HX",I,1067386,TQ 28688 83102,528688,183102,51.53217,-0.14611,"Brick faced in painted stucco, with Coade type sculpture and slate roofs","The grandest of the terraces round Regent's Park, designed to be the view from the never built royal palace opposite, and the summit of Nash's picturesque urbanism. It reads as one enormous palace, though it is 31 separate houses with a pedimented Ionic centrepiece, linked by triumphal arches to flanking blocks, behind a single scenic front of speculative building. The pediment sculpture is by George Bubb. The stucco is scored and painted to imitate stone, an economy that defines Regency London and that gave the style its slightly stagey character.","Painted stucco scored to look like ashlar, a giant Ionic order, and long horizontal terraces with pediments and triumphal arches indicate Regency, 1815 to 1835. Glazing bars are much thinner than Georgian, and ground floors are often rusticated stucco."
36,The Palace of Westminster,1840 to 1870,Sir Charles Barry with Augustus Welby Northmore Pugin,"Westminster, London SW1A 0AA",I,1226284,TQ 30267 79504,530267,179504,51.49947,-0.12469,"Anston magnesian limestone, later repaired in Clipsham stone; cast iron roof plates","Built after the fire of 1834 to a competition brief that required Gothic or Elizabethan, and the definitive statement of Victorian Gothic Revival as a national style. The genius is in the division of labour: Barry supplied a rigidly symmetrical, almost classical plan and massing, and Pugin covered every surface of it with archaeologically accurate Perpendicular detail, down to the wallpapers, tiles, metalwork and inkstands. Westminster Hall of 1097, remodelled in 1393 to 1399 with Hugh Herland's hammerbeam roof, survives from the medieval palace and is embedded in the complex.","Perpendicular panelling and tracery applied uniformly to a symmetrical plan, in crisp machine finished stone, is Victorian Gothic Revival rather than medieval. The Anston stone has decayed in a distinctive blistering way that itself dates the fabric."
37,"Red House, Bexleyheath",1859 to 1860,Philip Webb for William Morris,"Red House Lane, Bexleyheath, London DA6 8JF",I,1064203,TQ 48106 75093,548106,175093,51.45545,0.13028,Red brick laid in English bond with red clay tile roofs and oak joinery,"A modest suburban house that changed domestic architecture across Europe. Webb refused both classical symmetry and Gothic archaeology, and instead planned the house from the inside out in an L shape around a garden, letting the windows fall where the rooms needed them. Materials are left as they are: bare red brick inside and out, exposed roof timbers, no stucco, no painted graining. The pointed arches and steep tiled roofs are vernacular rather than ecclesiastical. Everything in it was designed for it, which led directly to the founding of Morris and Company in 1861.","Asymmetrical plan, unrendered red brick, steep red tiled roofs, sash and casement windows mixed on the same elevation and no applied classical or Gothic ornament indicate the Arts and Crafts beginning, 1855 to 1875."
38,Crossness Pumping Station,1859 to 1865,"Charles Henry Driver, engineer Sir Joseph Bazalgette","Belvedere Road, Abbey Wood, London SE2 9AQ",I,1064241,TQ 48497 81080,548497,181080,51.50914,0.13842,Yellow London stock brick with red brick banding; ornamental cast iron internally,"The southern outfall works of Bazalgette's main drainage scheme, built after the Great Stink of 1858, and proof that Victorian engineers dressed their infrastructure as seriously as their churches. The exterior is a Romanesque brick shed with round arched windows and polychrome banding. Inside, the Beam Engine House holds what is often called the finest cast ironwork in the world: a screen of foliate columns, arcades, brackets and spandrels, painted in reds, greens and golds, surrounding four rotative beam engines named after members of the royal family.","Polychrome brickwork with round arches and heavily ornamented structural cast iron is High Victorian, 1855 to 1875. Rotative beam engines with cast iron entablatures were obsolete technology by 1880, which narrows the date further."
39,St Pancras Station and the former Midland Grand Hotel,"Train shed 1863 to 1868, hotel 1868 to 1876",Hotel by Sir George Gilbert Scott; train shed engineered by William Henry Barlow with Rowland Mason Ordish,"Euston Road, London NW1 2QP",I,1342037,TQ 30107 82977,530107,182977,51.53072,-0.12572,"Nottingham Gripper red brick, Ancaster stone, Peterhead and Shap granite; wrought iron shed ribs","Two buildings by two different professions, deliberately joined. Barlow's train shed spans 73 metres in a single wrought iron arch, the widest in the world when built, and it is raised on a forest of iron columns spaced to suit the beer barrels stored beneath. Scott then wrapped a Gothic Revival hotel around the front of it, using Venetian, French and English medieval sources at enormous scale in polychrome brick and stone. The combination of undisguised engineering behind and historicist architecture in front is the central Victorian argument in one building.","A single span wrought iron arch of this size places the shed at 1860 to 1875. The hotel's polychrome brick, pointed arches, steep dormered roofs and clustered turrets are High Victorian Gothic of the same window."
40,Manchester Town Hall,1868 to 1877,Alfred Waterhouse,"Albert Square, Manchester M2 5DB",I,1207469,SJ 83867 98089,383867,398089,53.47927,-2.24456,"Spinkwell sandstone from Bradford, with granite and internal glazed tile and brick","Won in competition against 137 entries and built to fill a very awkward triangular site, which Waterhouse turned into an asset by making every corner and every angled corridor work. The style is thirteenth century Gothic, but the planning is ruthlessly modern, with a spiral service circulation and daylight reaching almost every room. The 85 metre clock tower dominates Albert Square. The Great Hall holds Ford Madox Brown's twelve Manchester Murals, painted between 1879 and 1893, which tell the city's history from the Romans to John Dalton.","Early English and Decorated Gothic detail on a large secular civic building, in gritty local sandstone with a tall asymmetrically placed tower, is municipal Gothic Revival of 1860 to 1880. Machine cut, sharply arrised stonework confirms it is not medieval."
41,Cragside,"1869 to 1885, incorporating a lodge of 1862 to 1864","Richard Norman Shaw for William Armstrong, 1st Baron Armstrong, enlarging an earlier lodge","Rothbury, Morpeth, Northumberland NE65 7PX",I,1042076,NU 07375 02173,407375,602173,55.31359,-1.88535,"Local sandstone with half timbering, tile hanging and tall brick and stone chimneystacks","An industrialist's house grown out of a small shooting lodge into a rambling composition that steps down a rocky hillside, and the best surviving example of Shaw's Old English manner. Half timbered gables, tile hung walls, enormous chimneys and irregular massing are all handled picturesquely rather than symmetrically. It was the first house in the world lit by hydroelectric power, from 1878, and it also had hydraulic lifts, a passenger lift, fire alarms and a Turkish bath. The drawing room of 1883 to 1884 has an inglenook chimneypiece in Italian marble weighing 10 tonnes.","Half timbering, tile hanging, tall clustered chimneys and deliberate asymmetry on a large Victorian house is Old English or Domestic Revival, 1865 to 1890. Early electric light fittings and service technology are datable in their own right."
42,Natural History Museum,1873 to 1881,"Alfred Waterhouse, developing a competition design by Francis Fowke","Cromwell Road, South Kensington, London SW7 5BD",I,1080675,TQ 26682 78986,526682,178986,51.49563,-0.1765,"Buff and blue terracotta by Gibbs and Canning of Tamworth, over an iron and steel frame","A cathedral to nature, with a Romanesque round arched vocabulary chosen partly because terracotta moulds could be reused economically across a very long facade. Every surface carries modelled plants and animals, and Richard Owen insisted the living species go in the west wing and the extinct ones in the east. Terracotta was specified because it could be washed clean of London soot, an explicitly modern choice. Behind it the structure is iron framed, so this is a nineteenth century engineered building wearing a twelfth century German skin, and the two are quite openly separate.","Buff and blue terracotta with repeated moulded ornament and round arches, on a very long symmetrical facade with twin towers, is 1870 to 1890. Repetition of identical carved detail means moulding, not carving, which itself dates the technique."
43,Tower Bridge,1886 to 1894,"Sir Horace Jones, City Architect, completed by George Daniel Stevenson; engineer Sir John Wolfe Barry","Tower Bridge Road, London SE1 2UP",I,1357515,TQ 33697 80338,533697,180338,51.50617,-0.07499,Steel frame clad in Cornish granite and Portland stone; original hydraulic machinery,"A bascule bridge whose real structure is a steel frame, clad in stone in a Gothic manner so that it would sit politely beside the Tower of London. The two 65 metre towers house the lifting mechanism, originally driven by steam pumped hydraulic accumulators, converted to electro hydraulic drive in 1974. The high level walkways were meant for pedestrians crossing while the bascules were raised, but they were closed in 1910 after becoming a haunt for pickpockets. Contemporary critics loathed the historicist cladding, calling it a sham, which it frankly is.","Steel framing with applied stone Gothic detail, and hydraulic rather than electric machinery, places this at 1885 to 1900. It was painted red, white and blue for the Silver Jubilee in 1977; the present blue and white dates from the refurbishment begun in 2008. The original was a chocolate brown."
44,Michelin House,1909 to 1911,Francois Espinasse,"81 Fulham Road, Chelsea, London SW3 6RD",II,1080656,TQ 27224 78735,527224,178735,51.49325,-0.16878,"Early reinforced concrete frame with faience and Carrara ware cladding, and decorative ceramic tile panels","Built as Michelin's first British headquarters and tyre depot, and one of the earliest reinforced concrete framed buildings in London. The style resists classification, borrowing from Art Nouveau, the Secession and Edwardian free style all at once, which is exactly what a French tyre company wanted in order to look modern. Thirty four ceramic tile panels by Gilardoni Fils show early motor races, and the corner cupolas are built as stacks of tyres. The three stained glass windows show Bibendum, the Michelin Man, and were reinstated in the 1980s restoration by Conran and Hamlyn.","A reinforced concrete frame with glazed faience cladding and commercial iconography built into the ornament places this at 1900 to 1914. The glossy white ceramic finish was chosen for washability in a sooty city, an Edwardian preoccupation."
45,Battersea Power Station,"Station A 1929 to 1935, Station B 1944 to 1955","J. Theo Halliday of Halliday and Agate, with Sir Giles Gilbert Scott as consultant for the exterior","188 Kirtling Street, Nine Elms, London SW8 5BP",II*,1357620,TQ 28884 77513,528884,177513,51.4819,-0.14533,"Around six million bricks over a steel frame, with concrete chimneys clad in brick and stone","A power station given monumental architectural treatment because it was going to be visible from central London and the public objected to it. Scott was brought in to handle the exterior and produced fluted brick walls handled like a giant order, with the four chimneys acting as the columns of an enormous open air temple. The Art Deco Control Room A survives with its Italian marble and polished parquet. The building was constructed in two halves 20 years apart, so the west half is 1930s and the east half is post war, and the detailing differs.","Vertically fluted brickwork used as a giant order, stepped setbacks and Art Deco interior fittings indicate 1928 to 1940. The eastern half is plainer and cheaper, a reliable sign of post war austerity construction."
46,De La Warr Pavilion,1934 to 1935,Erich Mendelsohn and Serge Chermayeff,"Marina, Bexhill-on-Sea, East Sussex TN40 1DP",I,1352840,TQ 74114 07134,574114,107134,50.83754,0.47142,"Welded steel frame with concrete floors, render and very large areas of glass","Won in open competition, and the first major public building in Britain with a welded steel frame, which is what allowed the long horizontal window bands and the cantilevered balconies to exist at all. Mendelsohn had just fled Germany and brought Continental Modernism with him. The semicircular glazed stair tower on the seaward side is the signature element, a helix of steel and glass. It was commissioned by the 9th Earl De La Warr as mayor, as a piece of public leisure architecture for an ordinary seaside town, which was radical in itself.","White render, horizontal window bands, flat roofs, cantilevered balconies with tubular steel rails and a glazed drum stair are International Style, 1930 to 1939. Welded rather than riveted steel is an unusually precise technical marker for the mid 1930s."
47,Royal Festival Hall,1948 to 1951,"London County Council Architect's Department under Robert Matthew and Leslie Martin, with Peter Moro and Edwin Williams","Belvedere Road, South Bank, London SE1 8XX",I,1249756,TQ 30797 80223,530797,180223,51.50581,-0.11679,Reinforced concrete frame with Portland stone and glass cladding; interiors in Derbyshire fossil limestone and hardwoods,"The only permanent building of the 1951 Festival of Britain, and the first post war building in England to be listed Grade I. Its structural idea is the egg in the box: the auditorium is suspended as a self contained acoustic vessel within the outer structure, with foyers, stairs and bars flowing freely around and underneath it, so that the public spaces are as important as the hall. The acoustics were designed by Hope Bagenal on scientific principles. The river frontage was remodelled in 1962 to 1965, so the exterior you see is largely of that date.","A reinforced concrete frame with Portland stone facing, generous glazing and flowing open foyer space is Festival of Britain modernism, 1948 to 1955. The heavier concrete river elevation is a 1960s remodelling and looks it."
48,"Park Hill, Sheffield",1957 to 1961,"Jack Lynn and Ivor Smith under J. Lewis Womersley, Sheffield City Architect","Duke Street, Sheffield S2 5QP",II*,1246881,SK 36064 87093,436064,387093,53.37946,-1.45933,In situ reinforced concrete frame with brick infill panels graded from red through orange to yellow,"The largest listed building in Europe and the most complete British attempt at Le Corbusier's ideas about mass housing. The deck access galleries, three metres wide and continuous, were the streets in the sky, wide enough for a milk float, and they follow the falling ground so that every deck meets the hillside at grade somewhere. The roofline is kept level while the ground drops away, so the blocks rise from four to thirteen storeys. Regeneration from 2007 by Hawkins Brown and Studio Egret West replaced the brick infill with coloured anodised aluminium.","Board marked or shuttered concrete frame with brick infill, continuous access decks and a level roofline over falling ground is British Brutalist housing, 1955 to 1970. Bright anodised panels indicate the twenty first century refurbishment."
49,National Theatre,1967 to 1976,Sir Denys Lasdun,"Upper Ground, South Bank, London SE1 9PX",II*,1272324,TQ 31013 80383,531013,180383,51.5072,-0.11362,"In situ reinforced concrete, board marked using sawn Douglas fir shuttering laid horizontally","Lasdun described the building as an urban landscape of strata and terraces rather than a building with a facade, and it is composed as a series of horizontal layers stepping out over the river walk. The two fly towers rise as solid blocks above the terraces. The concrete was poured in situ against rough sawn boards so that the grain of the timber is printed into the finished surface, a deliberate rejection of smooth finish. Three auditoria of different shapes sit inside: the Olivier, the Lyttelton and the small Dorfman, originally the Cottesloe.","Board marked in situ concrete with horizontal board grain, projecting terraces and no applied cladding of any kind is British Brutalism at its most confident, 1965 to 1978. The horizontality distinguishes Lasdun from the towers of the same decade."
50,Lloyd's Building,1978 to 1986,"Richard Rogers Partnership, with structural engineering by Ove Arup and Partners","1 Lime Street, City of London EC3M 7HA",I,1405493,TQ 33159 81082,533159,181082,51.51298,-0.08246,"Precast and in situ concrete frame with stainless steel cladding, triple glazing and external steel service towers","The definitive British High Tech building, and an inside out design in which lifts, staircases, lavatory pods and service ducts are all pushed to the outside so that the interior can be a single uninterrupted space. The Underwriting Room rises through a barrel vaulted atrium 60 metres tall, with the Lutine Bell at its centre. The eighteenth century Adam style Committee Room from Bowood House is installed on the eleventh floor, a deliberate collision. It was listed Grade I in 2011, aged only 25, the youngest building ever to be listed at that grade.","Externalised services in stainless steel, exposed structural frame, glazed wall climber lifts and a full height atrium mark High Tech, 1975 to 1990. Stainless steel rather than painted steel and triple glazing point to the 1980s specifically."
